Timestamp,Image Path
20241017-143531,images/exp168_20241017-143529/20241017-143531.jpg
20241017-143635,images/exp168_20241017-143529/20241017-143635.jpg
20241017-143738,images/exp168_20241017-143529/20241017-143738.jpg
20241017-143840,images/exp168_20241017-143529/20241017-143840.jpg
20241017-143944,images/exp168_20241017-143529/20241017-143944.jpg
20241017-144050,images/exp168_20241017-143529/20241017-144050.jpg
20241017-144155,images/exp168_20241017-143529/20241017-144155.jpg
20241017-144259,images/exp168_20241017-143529/20241017-144259.jpg
20241017-144403,images/exp168_20241017-143529/20241017-144403.jpg
20241017-144507,images/exp168_20241017-143529/20241017-144507.jpg
20241017-144612,images/exp168_20241017-143529/20241017-144612.jpg
20241017-144715,images/exp168_20241017-143529/20241017-144715.jpg
20241017-144819,images/exp168_20241017-143529/20241017-144819.jpg
20241017-144922,images/exp168_20241017-143529/20241017-144922.jpg
20241017-145028,images/exp168_20241017-143529/20241017-145028.jpg
20241017-145131,images/exp168_20241017-143529/20241017-145131.jpg
20241017-145234,images/exp168_20241017-143529/20241017-145234.jpg
20241017-145337,images/exp168_20241017-143529/20241017-145337.jpg
20241017-145441,images/exp168_20241017-143529/20241017-145441.jpg
20241017-145544,images/exp168_20241017-143529/20241017-145544.jpg
20241017-145649,images/exp168_20241017-143529/20241017-145649.jpg
20241017-145751,images/exp168_20241017-143529/20241017-145751.jpg
20241017-145856,images/exp168_20241017-143529/20241017-145856.jpg
20241017-145958,images/exp168_20241017-143529/20241017-145958.jpg
20241017-150101,images/exp168_20241017-143529/20241017-150101.jpg
20241017-150203,images/exp168_20241017-143529/20241017-150203.jpg
20241017-150309,images/exp168_20241017-143529/20241017-150309.jpg
20241017-150411,images/exp168_20241017-143529/20241017-150411.jpg
20241017-150515,images/exp168_20241017-143529/20241017-150515.jpg
20241017-150618,images/exp168_20241017-143529/20241017-150618.jpg
20241017-150722,images/exp168_20241017-143529/20241017-150722.jpg
20241017-150826,images/exp168_20241017-143529/20241017-150826.jpg
20241017-150928,images/exp168_20241017-143529/20241017-150928.jpg
20241017-151030,images/exp168_20241017-143529/20241017-151030.jpg
20241017-151133,images/exp168_20241017-143529/20241017-151133.jpg
20241017-151237,images/exp168_20241017-143529/20241017-151237.jpg
20241017-151339,images/exp168_20241017-143529/20241017-151339.jpg
20241017-151443,images/exp168_20241017-143529/20241017-151443.jpg
20241017-151545,images/exp168_20241017-143529/20241017-151545.jpg
20241017-151648,images/exp168_20241017-143529/20241017-151648.jpg
20241017-151752,images/exp168_20241017-143529/20241017-151752.jpg
20241017-151857,images/exp168_20241017-143529/20241017-151857.jpg
20241017-151959,images/exp168_20241017-143529/20241017-151959.jpg
20241017-152103,images/exp168_20241017-143529/20241017-152103.jpg
20241017-152207,images/exp168_20241017-143529/20241017-152207.jpg
20241017-152310,images/exp168_20241017-143529/20241017-152310.jpg
20241017-152412,images/exp168_20241017-143529/20241017-152412.jpg
20241017-152516,images/exp168_20241017-143529/20241017-152516.jpg
20241017-152619,images/exp168_20241017-143529/20241017-152619.jpg
20241017-152721,images/exp168_20241017-143529/20241017-152721.jpg
20241017-152823,images/exp168_20241017-143529/20241017-152823.jpg
20241017-152927,images/exp168_20241017-143529/20241017-152927.jpg
20241017-153031,images/exp168_20241017-143529/20241017-153031.jpg
20241017-153133,images/exp168_20241017-143529/20241017-153133.jpg
20241017-153236,images/exp168_20241017-143529/20241017-153236.jpg
20241017-153340,images/exp168_20241017-143529/20241017-153340.jpg
20241017-153442,images/exp168_20241017-143529/20241017-153442.jpg
20241017-153545,images/exp168_20241017-143529/20241017-153545.jpg
20241017-153648,images/exp168_20241017-143529/20241017-153648.jpg
20241017-153752,images/exp168_20241017-143529/20241017-153752.jpg
20241017-153855,images/exp168_20241017-143529/20241017-153855.jpg
20241017-153958,images/exp168_20241017-143529/20241017-153958.jpg
20241017-154100,images/exp168_20241017-143529/20241017-154100.jpg
20241017-154204,images/exp168_20241017-143529/20241017-154204.jpg
20241017-154306,images/exp168_20241017-143529/20241017-154306.jpg
20241017-154408,images/exp168_20241017-143529/20241017-154408.jpg
20241017-154511,images/exp168_20241017-143529/20241017-154511.jpg
20241017-154614,images/exp168_20241017-143529/20241017-154614.jpg
20241017-154717,images/exp168_20241017-143529/20241017-154717.jpg
20241017-154819,images/exp168_20241017-143529/20241017-154819.jpg
20241017-154921,images/exp168_20241017-143529/20241017-154921.jpg
20241017-155024,images/exp168_20241017-143529/20241017-155024.jpg
20241017-155126,images/exp168_20241017-143529/20241017-155126.jpg
20241017-155230,images/exp168_20241017-143529/20241017-155230.jpg
20241017-155334,images/exp168_20241017-143529/20241017-155334.jpg
20241017-155436,images/exp168_20241017-143529/20241017-155436.jpg
20241017-155538,images/exp168_20241017-143529/20241017-155538.jpg
20241017-155640,images/exp168_20241017-143529/20241017-155640.jpg
20241017-155743,images/exp168_20241017-143529/20241017-155743.jpg
20241017-155845,images/exp168_20241017-143529/20241017-155845.jpg
20241017-155948,images/exp168_20241017-143529/20241017-155948.jpg
20241017-160050,images/exp168_20241017-143529/20241017-160050.jpg
20241017-160153,images/exp168_20241017-143529/20241017-160153.jpg
20241017-160255,images/exp168_20241017-143529/20241017-160255.jpg
20241017-160357,images/exp168_20241017-143529/20241017-160357.jpg
20241017-160500,images/exp168_20241017-143529/20241017-160500.jpg
20241017-160602,images/exp168_20241017-143529/20241017-160602.jpg
20241017-160705,images/exp168_20241017-143529/20241017-160705.jpg
20241017-160807,images/exp168_20241017-143529/20241017-160807.jpg
20241017-160910,images/exp168_20241017-143529/20241017-160910.jpg
20241017-161012,images/exp168_20241017-143529/20241017-161012.jpg
20241017-161114,images/exp168_20241017-143529/20241017-161114.jpg
20241017-161217,images/exp168_20241017-143529/20241017-161217.jpg
20241017-161319,images/exp168_20241017-143529/20241017-161319.jpg
20241017-161422,images/exp168_20241017-143529/20241017-161422.jpg
20241017-161524,images/exp168_20241017-143529/20241017-161524.jpg
20241017-161626,images/exp168_20241017-143529/20241017-161626.jpg
20241017-161729,images/exp168_20241017-143529/20241017-161729.jpg
20241017-161832,images/exp168_20241017-143529/20241017-161832.jpg
20241017-161934,images/exp168_20241017-143529/20241017-161934.jpg
20241017-162037,images/exp168_20241017-143529/20241017-162037.jpg
20241017-162139,images/exp168_20241017-143529/20241017-162139.jpg
20241017-162241,images/exp168_20241017-143529/20241017-162241.jpg
20241017-162345,images/exp168_20241017-143529/20241017-162345.jpg
20241017-162447,images/exp168_20241017-143529/20241017-162447.jpg
20241017-162551,images/exp168_20241017-143529/20241017-162551.jpg
20241017-162653,images/exp168_20241017-143529/20241017-162653.jpg
20241017-162756,images/exp168_20241017-143529/20241017-162756.jpg
20241017-162859,images/exp168_20241017-143529/20241017-162859.jpg
20241017-163004,images/exp168_20241017-143529/20241017-163004.jpg
20241017-163106,images/exp168_20241017-143529/20241017-163106.jpg
20241017-163210,images/exp168_20241017-143529/20241017-163210.jpg
20241017-163312,images/exp168_20241017-143529/20241017-163312.jpg
20241017-163415,images/exp168_20241017-143529/20241017-163415.jpg
20241017-163517,images/exp168_20241017-143529/20241017-163517.jpg
20241017-163621,images/exp168_20241017-143529/20241017-163621.jpg
20241017-163723,images/exp168_20241017-143529/20241017-163723.jpg
20241017-163827,images/exp168_20241017-143529/20241017-163827.jpg
20241017-163930,images/exp168_20241017-143529/20241017-163930.jpg
20241017-164032,images/exp168_20241017-143529/20241017-164032.jpg
20241017-164135,images/exp168_20241017-143529/20241017-164135.jpg
20241017-164237,images/exp168_20241017-143529/20241017-164237.jpg
20241017-164339,images/exp168_20241017-143529/20241017-164339.jpg
20241017-164442,images/exp168_20241017-143529/20241017-164442.jpg
20241017-164544,images/exp168_20241017-143529/20241017-164544.jpg
20241017-164648,images/exp168_20241017-143529/20241017-164648.jpg
20241017-164752,images/exp168_20241017-143529/20241017-164752.jpg
20241017-164855,images/exp168_20241017-143529/20241017-164855.jpg
20241017-164958,images/exp168_20241017-143529/20241017-164958.jpg
20241017-165100,images/exp168_20241017-143529/20241017-165100.jpg
20241017-165202,images/exp168_20241017-143529/20241017-165202.jpg
20241017-165305,images/exp168_20241017-143529/20241017-165305.jpg
20241017-165408,images/exp168_20241017-143529/20241017-165408.jpg
20241017-165510,images/exp168_20241017-143529/20241017-165510.jpg
20241017-165613,images/exp168_20241017-143529/20241017-165613.jpg
20241017-165715,images/exp168_20241017-143529/20241017-165715.jpg
20241017-165817,images/exp168_20241017-143529/20241017-165817.jpg
20241017-165921,images/exp168_20241017-143529/20241017-165921.jpg
20241017-170025,images/exp168_20241017-143529/20241017-170025.jpg
20241017-170129,images/exp168_20241017-143529/20241017-170129.jpg
20241017-170231,images/exp168_20241017-143529/20241017-170231.jpg
20241017-170334,images/exp168_20241017-143529/20241017-170334.jpg
20241017-170436,images/exp168_20241017-143529/20241017-170436.jpg
20241017-170540,images/exp168_20241017-143529/20241017-170540.jpg
20241017-170643,images/exp168_20241017-143529/20241017-170643.jpg
20241017-170745,images/exp168_20241017-143529/20241017-170745.jpg
20241017-170847,images/exp168_20241017-143529/20241017-170847.jpg
20241017-170950,images/exp168_20241017-143529/20241017-170950.jpg
20241017-171052,images/exp168_20241017-143529/20241017-171052.jpg
20241017-171154,images/exp168_20241017-143529/20241017-171154.jpg
20241017-171258,images/exp168_20241017-143529/20241017-171258.jpg
20241017-171400,images/exp168_20241017-143529/20241017-171400.jpg
20241017-171504,images/exp168_20241017-143529/20241017-171504.jpg
20241017-171606,images/exp168_20241017-143529/20241017-171606.jpg
20241017-171709,images/exp168_20241017-143529/20241017-171709.jpg
20241017-171811,images/exp168_20241017-143529/20241017-171811.jpg
20241017-171913,images/exp168_20241017-143529/20241017-171913.jpg
20241017-172017,images/exp168_20241017-143529/20241017-172017.jpg
20241017-172119,images/exp168_20241017-143529/20241017-172119.jpg
20241017-172222,images/exp168_20241017-143529/20241017-172222.jpg
20241017-172324,images/exp168_20241017-143529/20241017-172324.jpg
20241017-172427,images/exp168_20241017-143529/20241017-172427.jpg
20241017-172529,images/exp168_20241017-143529/20241017-172529.jpg
20241017-172633,images/exp168_20241017-143529/20241017-172633.jpg
20241017-172735,images/exp168_20241017-143529/20241017-172735.jpg
20241017-172839,images/exp168_20241017-143529/20241017-172839.jpg
20241017-172941,images/exp168_20241017-143529/20241017-172941.jpg
20241017-173045,images/exp168_20241017-143529/20241017-173045.jpg
20241017-173148,images/exp168_20241017-143529/20241017-173148.jpg
20241017-173250,images/exp168_20241017-143529/20241017-173250.jpg
20241017-173352,images/exp168_20241017-143529/20241017-173352.jpg
20241017-173455,images/exp168_20241017-143529/20241017-173455.jpg
20241017-173557,images/exp168_20241017-143529/20241017-173557.jpg
20241017-173659,images/exp168_20241017-143529/20241017-173659.jpg
20241017-173802,images/exp168_20241017-143529/20241017-173802.jpg
20241017-173904,images/exp168_20241017-143529/20241017-173904.jpg
20241017-174006,images/exp168_20241017-143529/20241017-174006.jpg
20241017-174109,images/exp168_20241017-143529/20241017-174109.jpg
20241017-174211,images/exp168_20241017-143529/20241017-174211.jpg
20241017-174314,images/exp168_20241017-143529/20241017-174314.jpg
20241017-174417,images/exp168_20241017-143529/20241017-174417.jpg
20241017-174520,images/exp168_20241017-143529/20241017-174520.jpg
20241017-174623,images/exp168_20241017-143529/20241017-174623.jpg
20241017-174729,images/exp168_20241017-143529/20241017-174729.jpg
20241017-174831,images/exp168_20241017-143529/20241017-174831.jpg
20241017-174933,images/exp168_20241017-143529/20241017-174933.jpg
20241017-175035,images/exp168_20241017-143529/20241017-175035.jpg
20241017-175138,images/exp168_20241017-143529/20241017-175138.jpg
20241017-175240,images/exp168_20241017-143529/20241017-175240.jpg
20241017-175343,images/exp168_20241017-143529/20241017-175343.jpg
20241017-175445,images/exp168_20241017-143529/20241017-175445.jpg
20241017-175549,images/exp168_20241017-143529/20241017-175549.jpg
20241017-175653,images/exp168_20241017-143529/20241017-175653.jpg
20241017-175755,images/exp168_20241017-143529/20241017-175755.jpg
20241017-175857,images/exp168_20241017-143529/20241017-175857.jpg
20241017-180000,images/exp168_20241017-143529/20241017-180000.jpg
20241017-180102,images/exp168_20241017-143529/20241017-180102.jpg
20241017-180205,images/exp168_20241017-143529/20241017-180205.jpg
20241017-180308,images/exp168_20241017-143529/20241017-180308.jpg
20241017-180411,images/exp168_20241017-143529/20241017-180411.jpg
20241017-180514,images/exp168_20241017-143529/20241017-180514.jpg
20241017-180616,images/exp168_20241017-143529/20241017-180616.jpg
20241017-180719,images/exp168_20241017-143529/20241017-180719.jpg
20241017-180821,images/exp168_20241017-143529/20241017-180821.jpg
20241017-180923,images/exp168_20241017-143529/20241017-180923.jpg
20241017-181026,images/exp168_20241017-143529/20241017-181026.jpg
20241017-181128,images/exp168_20241017-143529/20241017-181128.jpg
20241017-181231,images/exp168_20241017-143529/20241017-181231.jpg
20241017-181333,images/exp168_20241017-143529/20241017-181333.jpg
20241017-181436,images/exp168_20241017-143529/20241017-181436.jpg
20241017-181541,images/exp168_20241017-143529/20241017-181541.jpg
20241017-181644,images/exp168_20241017-143529/20241017-181644.jpg
20241017-181746,images/exp168_20241017-143529/20241017-181746.jpg
20241017-181850,images/exp168_20241017-143529/20241017-181850.jpg
20241017-181952,images/exp168_20241017-143529/20241017-181952.jpg
20241017-182055,images/exp168_20241017-143529/20241017-182055.jpg
20241017-182157,images/exp168_20241017-143529/20241017-182157.jpg
20241017-182300,images/exp168_20241017-143529/20241017-182300.jpg
20241017-182402,images/exp168_20241017-143529/20241017-182402.jpg
20241017-182506,images/exp168_20241017-143529/20241017-182506.jpg
20241017-182610,images/exp168_20241017-143529/20241017-182610.jpg
20241017-182712,images/exp168_20241017-143529/20241017-182712.jpg
20241017-182814,images/exp168_20241017-143529/20241017-182814.jpg
20241017-182917,images/exp168_20241017-143529/20241017-182917.jpg
20241017-183019,images/exp168_20241017-143529/20241017-183019.jpg
20241017-183123,images/exp168_20241017-143529/20241017-183123.jpg
20241017-183225,images/exp168_20241017-143529/20241017-183225.jpg
20241017-183329,images/exp168_20241017-143529/20241017-183329.jpg
20241017-183432,images/exp168_20241017-143529/20241017-183432.jpg
20241017-183534,images/exp168_20241017-143529/20241017-183534.jpg
20241017-183636,images/exp168_20241017-143529/20241017-183636.jpg
20241017-183739,images/exp168_20241017-143529/20241017-183739.jpg
20241017-183841,images/exp168_20241017-143529/20241017-183841.jpg
20241017-183943,images/exp168_20241017-143529/20241017-183943.jpg
20241017-184046,images/exp168_20241017-143529/20241017-184046.jpg
20241017-184148,images/exp168_20241017-143529/20241017-184148.jpg
20241017-184250,images/exp168_20241017-143529/20241017-184250.jpg
20241017-184353,images/exp168_20241017-143529/20241017-184353.jpg
20241017-184455,images/exp168_20241017-143529/20241017-184455.jpg
20241017-184558,images/exp168_20241017-143529/20241017-184558.jpg
20241017-184700,images/exp168_20241017-143529/20241017-184700.jpg
20241017-184802,images/exp168_20241017-143529/20241017-184802.jpg
20241017-184905,images/exp168_20241017-143529/20241017-184905.jpg
20241017-185007,images/exp168_20241017-143529/20241017-185007.jpg
20241017-185110,images/exp168_20241017-143529/20241017-185110.jpg
20241017-185212,images/exp168_20241017-143529/20241017-185212.jpg
20241017-185314,images/exp168_20241017-143529/20241017-185314.jpg
20241017-185417,images/exp168_20241017-143529/20241017-185417.jpg
20241017-185519,images/exp168_20241017-143529/20241017-185519.jpg
20241017-185621,images/exp168_20241017-143529/20241017-185621.jpg
20241017-185724,images/exp168_20241017-143529/20241017-185724.jpg
20241017-185826,images/exp168_20241017-143529/20241017-185826.jpg
20241017-185929,images/exp168_20241017-143529/20241017-185929.jpg
20241017-190031,images/exp168_20241017-143529/20241017-190031.jpg
20241017-190135,images/exp168_20241017-143529/20241017-190135.jpg
20241017-190237,images/exp168_20241017-143529/20241017-190237.jpg
20241017-190340,images/exp168_20241017-143529/20241017-190340.jpg
20241017-190442,images/exp168_20241017-143529/20241017-190442.jpg
20241017-190545,images/exp168_20241017-143529/20241017-190545.jpg
20241017-190647,images/exp168_20241017-143529/20241017-190647.jpg
20241017-190749,images/exp168_20241017-143529/20241017-190749.jpg
20241017-190854,images/exp168_20241017-143529/20241017-190854.jpg
20241017-190957,images/exp168_20241017-143529/20241017-190957.jpg
20241017-191059,images/exp168_20241017-143529/20241017-191059.jpg
20241017-191201,images/exp168_20241017-143529/20241017-191201.jpg
20241017-191304,images/exp168_20241017-143529/20241017-191304.jpg
20241017-191406,images/exp168_20241017-143529/20241017-191406.jpg
20241017-191509,images/exp168_20241017-143529/20241017-191509.jpg
20241017-191611,images/exp168_20241017-143529/20241017-191611.jpg
20241017-191713,images/exp168_20241017-143529/20241017-191713.jpg
20241017-191817,images/exp168_20241017-143529/20241017-191817.jpg
20241017-191919,images/exp168_20241017-143529/20241017-191919.jpg
20241017-192022,images/exp168_20241017-143529/20241017-192022.jpg
20241017-192124,images/exp168_20241017-143529/20241017-192124.jpg
20241017-192227,images/exp168_20241017-143529/20241017-192227.jpg
20241017-192329,images/exp168_20241017-143529/20241017-192329.jpg
20241017-192431,images/exp168_20241017-143529/20241017-192431.jpg
20241017-192535,images/exp168_20241017-143529/20241017-192535.jpg
20241017-192638,images/exp168_20241017-143529/20241017-192638.jpg
20241017-192740,images/exp168_20241017-143529/20241017-192740.jpg
20241017-192842,images/exp168_20241017-143529/20241017-192842.jpg
20241017-192945,images/exp168_20241017-143529/20241017-192945.jpg
20241017-193047,images/exp168_20241017-143529/20241017-193047.jpg
20241017-193150,images/exp168_20241017-143529/20241017-193150.jpg
20241017-193252,images/exp168_20241017-143529/20241017-193252.jpg
20241017-193356,images/exp168_20241017-143529/20241017-193356.jpg
20241017-193458,images/exp168_20241017-143529/20241017-193458.jpg
20241017-193601,images/exp168_20241017-143529/20241017-193601.jpg
20241017-193703,images/exp168_20241017-143529/20241017-193703.jpg
20241017-193806,images/exp168_20241017-143529/20241017-193806.jpg
20241017-193908,images/exp168_20241017-143529/20241017-193908.jpg
20241017-194010,images/exp168_20241017-143529/20241017-194010.jpg
20241017-194113,images/exp168_20241017-143529/20241017-194113.jpg
20241017-194215,images/exp168_20241017-143529/20241017-194215.jpg
20241017-194319,images/exp168_20241017-143529/20241017-194319.jpg
20241017-194421,images/exp168_20241017-143529/20241017-194421.jpg
20241017-194524,images/exp168_20241017-143529/20241017-194524.jpg
20241017-194626,images/exp168_20241017-143529/20241017-194626.jpg
20241017-194728,images/exp168_20241017-143529/20241017-194728.jpg
20241017-194831,images/exp168_20241017-143529/20241017-194831.jpg
20241017-194933,images/exp168_20241017-143529/20241017-194933.jpg
20241017-195035,images/exp168_20241017-143529/20241017-195035.jpg
20241017-195138,images/exp168_20241017-143529/20241017-195138.jpg
20241017-195240,images/exp168_20241017-143529/20241017-195240.jpg
20241017-195343,images/exp168_20241017-143529/20241017-195343.jpg
20241017-195445,images/exp168_20241017-143529/20241017-195445.jpg
20241017-195547,images/exp168_20241017-143529/20241017-195547.jpg
20241017-195650,images/exp168_20241017-143529/20241017-195650.jpg
20241017-195752,images/exp168_20241017-143529/20241017-195752.jpg
20241017-195855,images/exp168_20241017-143529/20241017-195855.jpg
20241017-195957,images/exp168_20241017-143529/20241017-195957.jpg
20241017-200059,images/exp168_20241017-143529/20241017-200059.jpg
20241017-200202,images/exp168_20241017-143529/20241017-200202.jpg
20241017-200305,images/exp168_20241017-143529/20241017-200305.jpg
20241017-200407,images/exp168_20241017-143529/20241017-200407.jpg
20241017-200510,images/exp168_20241017-143529/20241017-200510.jpg
20241017-200612,images/exp168_20241017-143529/20241017-200612.jpg
20241017-200714,images/exp168_20241017-143529/20241017-200714.jpg
20241017-200817,images/exp168_20241017-143529/20241017-200817.jpg
20241017-200919,images/exp168_20241017-143529/20241017-200919.jpg
20241017-201022,images/exp168_20241017-143529/20241017-201022.jpg
20241017-201124,images/exp168_20241017-143529/20241017-201124.jpg
20241017-201226,images/exp168_20241017-143529/20241017-201226.jpg
20241017-201329,images/exp168_20241017-143529/20241017-201329.jpg
20241017-201431,images/exp168_20241017-143529/20241017-201431.jpg
20241017-201534,images/exp168_20241017-143529/20241017-201534.jpg
20241017-201636,images/exp168_20241017-143529/20241017-201636.jpg
20241017-201738,images/exp168_20241017-143529/20241017-201738.jpg
20241017-201840,images/exp168_20241017-143529/20241017-201840.jpg
20241017-201943,images/exp168_20241017-143529/20241017-201943.jpg
20241017-202045,images/exp168_20241017-143529/20241017-202045.jpg
20241017-202147,images/exp168_20241017-143529/20241017-202147.jpg
20241017-202250,images/exp168_20241017-143529/20241017-202250.jpg
20241017-202352,images/exp168_20241017-143529/20241017-202352.jpg
20241017-202455,images/exp168_20241017-143529/20241017-202455.jpg
20241017-202557,images/exp168_20241017-143529/20241017-202557.jpg
20241017-202659,images/exp168_20241017-143529/20241017-202659.jpg
20241017-202802,images/exp168_20241017-143529/20241017-202802.jpg
20241017-202905,images/exp168_20241017-143529/20241017-202905.jpg
20241017-203007,images/exp168_20241017-143529/20241017-203007.jpg
20241017-203109,images/exp168_20241017-143529/20241017-203109.jpg
20241017-203212,images/exp168_20241017-143529/20241017-203212.jpg
20241017-203314,images/exp168_20241017-143529/20241017-203314.jpg
20241017-203416,images/exp168_20241017-143529/20241017-203416.jpg
20241017-203519,images/exp168_20241017-143529/20241017-203519.jpg
20241017-203621,images/exp168_20241017-143529/20241017-203621.jpg
20241017-203724,images/exp168_20241017-143529/20241017-203724.jpg
20241017-203826,images/exp168_20241017-143529/20241017-203826.jpg
20241017-203929,images/exp168_20241017-143529/20241017-203929.jpg
20241017-204031,images/exp168_20241017-143529/20241017-204031.jpg
20241017-204133,images/exp168_20241017-143529/20241017-204133.jpg
20241017-204236,images/exp168_20241017-143529/20241017-204236.jpg
20241017-204338,images/exp168_20241017-143529/20241017-204338.jpg
20241017-204442,images/exp168_20241017-143529/20241017-204442.jpg
20241017-204544,images/exp168_20241017-143529/20241017-204544.jpg
20241017-204646,images/exp168_20241017-143529/20241017-204646.jpg
20241017-204749,images/exp168_20241017-143529/20241017-204749.jpg
20241017-204851,images/exp168_20241017-143529/20241017-204851.jpg
20241017-204953,images/exp168_20241017-143529/20241017-204953.jpg
20241017-205056,images/exp168_20241017-143529/20241017-205056.jpg
20241017-205158,images/exp168_20241017-143529/20241017-205158.jpg
20241017-205301,images/exp168_20241017-143529/20241017-205301.jpg
20241017-205403,images/exp168_20241017-143529/20241017-205403.jpg
20241017-205507,images/exp168_20241017-143529/20241017-205507.jpg
20241017-205610,images/exp168_20241017-143529/20241017-205610.jpg
20241017-205713,images/exp168_20241017-143529/20241017-205713.jpg
20241017-205816,images/exp168_20241017-143529/20241017-205816.jpg
20241017-205918,images/exp168_20241017-143529/20241017-205918.jpg
20241017-210021,images/exp168_20241017-143529/20241017-210021.jpg
20241017-210124,images/exp168_20241017-143529/20241017-210124.jpg
20241017-210226,images/exp168_20241017-143529/20241017-210226.jpg
20241017-210328,images/exp168_20241017-143529/20241017-210328.jpg
20241017-210431,images/exp168_20241017-143529/20241017-210431.jpg
20241017-210534,images/exp168_20241017-143529/20241017-210534.jpg
20241017-210636,images/exp168_20241017-143529/20241017-210636.jpg
20241017-210738,images/exp168_20241017-143529/20241017-210738.jpg
20241017-210842,images/exp168_20241017-143529/20241017-210842.jpg
20241017-210944,images/exp168_20241017-143529/20241017-210944.jpg
20241017-211047,images/exp168_20241017-143529/20241017-211047.jpg
20241017-211149,images/exp168_20241017-143529/20241017-211149.jpg
20241017-211251,images/exp168_20241017-143529/20241017-211251.jpg
20241017-211355,images/exp168_20241017-143529/20241017-211355.jpg
20241017-211458,images/exp168_20241017-143529/20241017-211458.jpg
20241017-211600,images/exp168_20241017-143529/20241017-211600.jpg
20241017-211702,images/exp168_20241017-143529/20241017-211702.jpg
20241017-211805,images/exp168_20241017-143529/20241017-211805.jpg
20241017-211910,images/exp168_20241017-143529/20241017-211910.jpg
20241017-212012,images/exp168_20241017-143529/20241017-212012.jpg
20241017-212115,images/exp168_20241017-143529/20241017-212115.jpg
20241017-212217,images/exp168_20241017-143529/20241017-212217.jpg
20241017-212320,images/exp168_20241017-143529/20241017-212320.jpg
20241017-212422,images/exp168_20241017-143529/20241017-212422.jpg
20241017-212524,images/exp168_20241017-143529/20241017-212524.jpg
20241017-212627,images/exp168_20241017-143529/20241017-212627.jpg
20241017-212730,images/exp168_20241017-143529/20241017-212730.jpg
20241017-212832,images/exp168_20241017-143529/20241017-212832.jpg
20241017-212935,images/exp168_20241017-143529/20241017-212935.jpg
20241017-213037,images/exp168_20241017-143529/20241017-213037.jpg
20241017-213143,images/exp168_20241017-143529/20241017-213143.jpg
20241017-213248,images/exp168_20241017-143529/20241017-213248.jpg
20241017-213351,images/exp168_20241017-143529/20241017-213351.jpg
20241017-213453,images/exp168_20241017-143529/20241017-213453.jpg
20241017-213555,images/exp168_20241017-143529/20241017-213555.jpg
20241017-213658,images/exp168_20241017-143529/20241017-213658.jpg
20241017-213800,images/exp168_20241017-143529/20241017-213800.jpg
20241017-213903,images/exp168_20241017-143529/20241017-213903.jpg
20241017-214005,images/exp168_20241017-143529/20241017-214005.jpg
20241017-214108,images/exp168_20241017-143529/20241017-214108.jpg
20241017-214211,images/exp168_20241017-143529/20241017-214211.jpg
20241017-214318,images/exp168_20241017-143529/20241017-214318.jpg
20241017-214423,images/exp168_20241017-143529/20241017-214423.jpg
20241017-214526,images/exp168_20241017-143529/20241017-214526.jpg
20241017-214628,images/exp168_20241017-143529/20241017-214628.jpg
20241017-214731,images/exp168_20241017-143529/20241017-214731.jpg
20241017-214833,images/exp168_20241017-143529/20241017-214833.jpg
20241017-214935,images/exp168_20241017-143529/20241017-214935.jpg
20241017-215038,images/exp168_20241017-143529/20241017-215038.jpg
20241017-215141,images/exp168_20241017-143529/20241017-215141.jpg
20241017-215244,images/exp168_20241017-143529/20241017-215244.jpg
20241017-215350,images/exp168_20241017-143529/20241017-215350.jpg
20241017-215452,images/exp168_20241017-143529/20241017-215452.jpg
20241017-215555,images/exp168_20241017-143529/20241017-215555.jpg
20241017-215657,images/exp168_20241017-143529/20241017-215657.jpg
20241017-215800,images/exp168_20241017-143529/20241017-215800.jpg
20241017-215902,images/exp168_20241017-143529/20241017-215902.jpg
20241017-220004,images/exp168_20241017-143529/20241017-220004.jpg
20241017-220107,images/exp168_20241017-143529/20241017-220107.jpg
20241017-220209,images/exp168_20241017-143529/20241017-220209.jpg
20241017-220313,images/exp168_20241017-143529/20241017-220313.jpg
20241017-220415,images/exp168_20241017-143529/20241017-220415.jpg
20241017-220518,images/exp168_20241017-143529/20241017-220518.jpg
20241017-220620,images/exp168_20241017-143529/20241017-220620.jpg
20241017-220723,images/exp168_20241017-143529/20241017-220723.jpg
20241017-220825,images/exp168_20241017-143529/20241017-220825.jpg
20241017-220927,images/exp168_20241017-143529/20241017-220927.jpg
20241017-221030,images/exp168_20241017-143529/20241017-221030.jpg
20241017-221135,images/exp168_20241017-143529/20241017-221135.jpg
20241017-221237,images/exp168_20241017-143529/20241017-221237.jpg
20241017-221340,images/exp168_20241017-143529/20241017-221340.jpg
20241017-221442,images/exp168_20241017-143529/20241017-221442.jpg
20241017-221544,images/exp168_20241017-143529/20241017-221544.jpg
20241017-221647,images/exp168_20241017-143529/20241017-221647.jpg
20241017-221749,images/exp168_20241017-143529/20241017-221749.jpg
20241017-221852,images/exp168_20241017-143529/20241017-221852.jpg
20241017-221954,images/exp168_20241017-143529/20241017-221954.jpg
20241017-222056,images/exp168_20241017-143529/20241017-222056.jpg
20241017-222159,images/exp168_20241017-143529/20241017-222159.jpg
20241017-222301,images/exp168_20241017-143529/20241017-222301.jpg
20241017-222404,images/exp168_20241017-143529/20241017-222404.jpg
20241017-222506,images/exp168_20241017-143529/20241017-222506.jpg
20241017-222609,images/exp168_20241017-143529/20241017-222609.jpg
20241017-222711,images/exp168_20241017-143529/20241017-222711.jpg
20241017-222813,images/exp168_20241017-143529/20241017-222813.jpg
20241017-222916,images/exp168_20241017-143529/20241017-222916.jpg
20241017-223019,images/exp168_20241017-143529/20241017-223019.jpg
20241017-223122,images/exp168_20241017-143529/20241017-223122.jpg
20241017-223224,images/exp168_20241017-143529/20241017-223224.jpg
20241017-223328,images/exp168_20241017-143529/20241017-223328.jpg
20241017-223430,images/exp168_20241017-143529/20241017-223430.jpg
20241017-223532,images/exp168_20241017-143529/20241017-223532.jpg
20241017-223635,images/exp168_20241017-143529/20241017-223635.jpg
20241017-223737,images/exp168_20241017-143529/20241017-223737.jpg
20241017-223842,images/exp168_20241017-143529/20241017-223842.jpg
20241017-223945,images/exp168_20241017-143529/20241017-223945.jpg
20241017-224048,images/exp168_20241017-143529/20241017-224048.jpg
20241017-224151,images/exp168_20241017-143529/20241017-224151.jpg
20241017-224254,images/exp168_20241017-143529/20241017-224254.jpg
20241017-224357,images/exp168_20241017-143529/20241017-224357.jpg
20241017-224500,images/exp168_20241017-143529/20241017-224500.jpg
20241017-224602,images/exp168_20241017-143529/20241017-224602.jpg
20241017-224704,images/exp168_20241017-143529/20241017-224704.jpg
20241017-224807,images/exp168_20241017-143529/20241017-224807.jpg
20241017-224909,images/exp168_20241017-143529/20241017-224909.jpg
20241017-225012,images/exp168_20241017-143529/20241017-225012.jpg
20241017-225114,images/exp168_20241017-143529/20241017-225114.jpg
20241017-225216,images/exp168_20241017-143529/20241017-225216.jpg
20241017-225319,images/exp168_20241017-143529/20241017-225319.jpg
20241017-225421,images/exp168_20241017-143529/20241017-225421.jpg
20241017-225524,images/exp168_20241017-143529/20241017-225524.jpg
20241017-225626,images/exp168_20241017-143529/20241017-225626.jpg
20241017-225730,images/exp168_20241017-143529/20241017-225730.jpg
20241017-225832,images/exp168_20241017-143529/20241017-225832.jpg
20241017-225934,images/exp168_20241017-143529/20241017-225934.jpg
20241017-230038,images/exp168_20241017-143529/20241017-230038.jpg
20241017-230140,images/exp168_20241017-143529/20241017-230140.jpg
20241017-230243,images/exp168_20241017-143529/20241017-230243.jpg
20241017-230346,images/exp168_20241017-143529/20241017-230346.jpg
20241017-230448,images/exp168_20241017-143529/20241017-230448.jpg
20241017-230551,images/exp168_20241017-143529/20241017-230551.jpg
20241017-230653,images/exp168_20241017-143529/20241017-230653.jpg
20241017-230755,images/exp168_20241017-143529/20241017-230755.jpg
20241017-230858,images/exp168_20241017-143529/20241017-230858.jpg
20241017-231000,images/exp168_20241017-143529/20241017-231000.jpg
20241017-231103,images/exp168_20241017-143529/20241017-231103.jpg
20241017-231205,images/exp168_20241017-143529/20241017-231205.jpg
20241017-231307,images/exp168_20241017-143529/20241017-231307.jpg
20241017-231410,images/exp168_20241017-143529/20241017-231410.jpg
20241017-231512,images/exp168_20241017-143529/20241017-231512.jpg
20241017-231615,images/exp168_20241017-143529/20241017-231615.jpg
20241017-231717,images/exp168_20241017-143529/20241017-231717.jpg
20241017-231819,images/exp168_20241017-143529/20241017-231819.jpg
20241017-231922,images/exp168_20241017-143529/20241017-231922.jpg
20241017-232024,images/exp168_20241017-143529/20241017-232024.jpg
20241017-232127,images/exp168_20241017-143529/20241017-232127.jpg
20241017-232229,images/exp168_20241017-143529/20241017-232229.jpg
20241017-232333,images/exp168_20241017-143529/20241017-232333.jpg
20241017-232435,images/exp168_20241017-143529/20241017-232435.jpg
20241017-232538,images/exp168_20241017-143529/20241017-232538.jpg
20241017-232640,images/exp168_20241017-143529/20241017-232640.jpg
20241017-232745,images/exp168_20241017-143529/20241017-232745.jpg
20241017-232848,images/exp168_20241017-143529/20241017-232848.jpg
20241017-232950,images/exp168_20241017-143529/20241017-232950.jpg
20241017-233052,images/exp168_20241017-143529/20241017-233052.jpg
20241017-233155,images/exp168_20241017-143529/20241017-233155.jpg
20241017-233257,images/exp168_20241017-143529/20241017-233257.jpg
20241017-233400,images/exp168_20241017-143529/20241017-233400.jpg
20241017-233502,images/exp168_20241017-143529/20241017-233502.jpg
20241017-233605,images/exp168_20241017-143529/20241017-233605.jpg
20241017-233707,images/exp168_20241017-143529/20241017-233707.jpg
20241017-233809,images/exp168_20241017-143529/20241017-233809.jpg
20241017-233912,images/exp168_20241017-143529/20241017-233912.jpg
20241017-234015,images/exp168_20241017-143529/20241017-234015.jpg
20241017-234118,images/exp168_20241017-143529/20241017-234118.jpg
20241017-234220,images/exp168_20241017-143529/20241017-234220.jpg
20241017-234323,images/exp168_20241017-143529/20241017-234323.jpg
20241017-234425,images/exp168_20241017-143529/20241017-234425.jpg
20241017-234529,images/exp168_20241017-143529/20241017-234529.jpg
20241017-234631,images/exp168_20241017-143529/20241017-234631.jpg
20241017-234734,images/exp168_20241017-143529/20241017-234734.jpg
20241017-234836,images/exp168_20241017-143529/20241017-234836.jpg
20241017-234938,images/exp168_20241017-143529/20241017-234938.jpg
20241017-235041,images/exp168_20241017-143529/20241017-235041.jpg
20241017-235143,images/exp168_20241017-143529/20241017-235143.jpg
20241017-235245,images/exp168_20241017-143529/20241017-235245.jpg
20241017-235348,images/exp168_20241017-143529/20241017-235348.jpg
20241017-235450,images/exp168_20241017-143529/20241017-235450.jpg
20241017-235552,images/exp168_20241017-143529/20241017-235552.jpg
20241017-235655,images/exp168_20241017-143529/20241017-235655.jpg
20241017-235757,images/exp168_20241017-143529/20241017-235757.jpg
20241017-235859,images/exp168_20241017-143529/20241017-235859.jpg
20241018-000002,images/exp168_20241017-143529/20241018-000002.jpg
20241018-000104,images/exp168_20241017-143529/20241018-000104.jpg
20241018-000207,images/exp168_20241017-143529/20241018-000207.jpg
20241018-000309,images/exp168_20241017-143529/20241018-000309.jpg
20241018-000412,images/exp168_20241017-143529/20241018-000412.jpg
20241018-000514,images/exp168_20241017-143529/20241018-000514.jpg
20241018-000616,images/exp168_20241017-143529/20241018-000616.jpg
20241018-000719,images/exp168_20241017-143529/20241018-000719.jpg
20241018-000821,images/exp168_20241017-143529/20241018-000821.jpg
20241018-000924,images/exp168_20241017-143529/20241018-000924.jpg
20241018-001026,images/exp168_20241017-143529/20241018-001026.jpg
20241018-001128,images/exp168_20241017-143529/20241018-001128.jpg
20241018-001231,images/exp168_20241017-143529/20241018-001231.jpg
20241018-001333,images/exp168_20241017-143529/20241018-001333.jpg
20241018-001435,images/exp168_20241017-143529/20241018-001435.jpg
20241018-001538,images/exp168_20241017-143529/20241018-001538.jpg
20241018-001640,images/exp168_20241017-143529/20241018-001640.jpg
20241018-001742,images/exp168_20241017-143529/20241018-001742.jpg
20241018-001846,images/exp168_20241017-143529/20241018-001846.jpg
20241018-001949,images/exp168_20241017-143529/20241018-001949.jpg
20241018-002051,images/exp168_20241017-143529/20241018-002051.jpg
20241018-002154,images/exp168_20241017-143529/20241018-002154.jpg
20241018-002256,images/exp168_20241017-143529/20241018-002256.jpg
20241018-002359,images/exp168_20241017-143529/20241018-002359.jpg
20241018-002501,images/exp168_20241017-143529/20241018-002501.jpg
20241018-002604,images/exp168_20241017-143529/20241018-002604.jpg
20241018-002706,images/exp168_20241017-143529/20241018-002706.jpg
20241018-002808,images/exp168_20241017-143529/20241018-002808.jpg
20241018-002911,images/exp168_20241017-143529/20241018-002911.jpg
20241018-003013,images/exp168_20241017-143529/20241018-003013.jpg
20241018-003116,images/exp168_20241017-143529/20241018-003116.jpg
20241018-003218,images/exp168_20241017-143529/20241018-003218.jpg
20241018-003320,images/exp168_20241017-143529/20241018-003320.jpg
20241018-003423,images/exp168_20241017-143529/20241018-003423.jpg
20241018-003525,images/exp168_20241017-143529/20241018-003525.jpg
20241018-003627,images/exp168_20241017-143529/20241018-003627.jpg
20241018-003730,images/exp168_20241017-143529/20241018-003730.jpg
20241018-003833,images/exp168_20241017-143529/20241018-003833.jpg
20241018-003935,images/exp168_20241017-143529/20241018-003935.jpg
20241018-004038,images/exp168_20241017-143529/20241018-004038.jpg
20241018-004140,images/exp168_20241017-143529/20241018-004140.jpg
20241018-004243,images/exp168_20241017-143529/20241018-004243.jpg
20241018-004346,images/exp168_20241017-143529/20241018-004346.jpg
20241018-004448,images/exp168_20241017-143529/20241018-004448.jpg
20241018-004551,images/exp168_20241017-143529/20241018-004551.jpg
20241018-004653,images/exp168_20241017-143529/20241018-004653.jpg
20241018-004756,images/exp168_20241017-143529/20241018-004756.jpg
20241018-004858,images/exp168_20241017-143529/20241018-004858.jpg
20241018-005001,images/exp168_20241017-143529/20241018-005001.jpg
20241018-005103,images/exp168_20241017-143529/20241018-005103.jpg
20241018-005205,images/exp168_20241017-143529/20241018-005205.jpg
20241018-005308,images/exp168_20241017-143529/20241018-005308.jpg
20241018-005410,images/exp168_20241017-143529/20241018-005410.jpg
20241018-005513,images/exp168_20241017-143529/20241018-005513.jpg
20241018-005615,images/exp168_20241017-143529/20241018-005615.jpg
20241018-005717,images/exp168_20241017-143529/20241018-005717.jpg
20241018-005820,images/exp168_20241017-143529/20241018-005820.jpg
20241018-005924,images/exp168_20241017-143529/20241018-005924.jpg
20241018-010026,images/exp168_20241017-143529/20241018-010026.jpg
20241018-010128,images/exp168_20241017-143529/20241018-010128.jpg
20241018-010231,images/exp168_20241017-143529/20241018-010231.jpg
20241018-010333,images/exp168_20241017-143529/20241018-010333.jpg
20241018-010435,images/exp168_20241017-143529/20241018-010435.jpg
20241018-010538,images/exp168_20241017-143529/20241018-010538.jpg
20241018-010640,images/exp168_20241017-143529/20241018-010640.jpg
20241018-010742,images/exp168_20241017-143529/20241018-010742.jpg
20241018-010845,images/exp168_20241017-143529/20241018-010845.jpg
20241018-010947,images/exp168_20241017-143529/20241018-010947.jpg
20241018-011049,images/exp168_20241017-143529/20241018-011049.jpg
20241018-011152,images/exp168_20241017-143529/20241018-011152.jpg
20241018-011254,images/exp168_20241017-143529/20241018-011254.jpg
20241018-011357,images/exp168_20241017-143529/20241018-011357.jpg
20241018-011459,images/exp168_20241017-143529/20241018-011459.jpg
20241018-011601,images/exp168_20241017-143529/20241018-011601.jpg
20241018-011705,images/exp168_20241017-143529/20241018-011705.jpg
20241018-011808,images/exp168_20241017-143529/20241018-011808.jpg
20241018-011910,images/exp168_20241017-143529/20241018-011910.jpg
20241018-012012,images/exp168_20241017-143529/20241018-012012.jpg
20241018-012115,images/exp168_20241017-143529/20241018-012115.jpg
20241018-012217,images/exp168_20241017-143529/20241018-012217.jpg
20241018-012321,images/exp168_20241017-143529/20241018-012321.jpg
20241018-012424,images/exp168_20241017-143529/20241018-012424.jpg
20241018-012526,images/exp168_20241017-143529/20241018-012526.jpg
20241018-012629,images/exp168_20241017-143529/20241018-012629.jpg
20241018-012731,images/exp168_20241017-143529/20241018-012731.jpg
20241018-012833,images/exp168_20241017-143529/20241018-012833.jpg
20241018-012936,images/exp168_20241017-143529/20241018-012936.jpg
20241018-013038,images/exp168_20241017-143529/20241018-013038.jpg
20241018-013141,images/exp168_20241017-143529/20241018-013141.jpg
20241018-013243,images/exp168_20241017-143529/20241018-013243.jpg
20241018-013346,images/exp168_20241017-143529/20241018-013346.jpg
20241018-013450,images/exp168_20241017-143529/20241018-013450.jpg
20241018-013552,images/exp168_20241017-143529/20241018-013552.jpg
20241018-013654,images/exp168_20241017-143529/20241018-013654.jpg
20241018-013757,images/exp168_20241017-143529/20241018-013757.jpg
20241018-013859,images/exp168_20241017-143529/20241018-013859.jpg
20241018-014002,images/exp168_20241017-143529/20241018-014002.jpg
20241018-014104,images/exp168_20241017-143529/20241018-014104.jpg
20241018-014206,images/exp168_20241017-143529/20241018-014206.jpg
20241018-014309,images/exp168_20241017-143529/20241018-014309.jpg
20241018-014411,images/exp168_20241017-143529/20241018-014411.jpg
20241018-014514,images/exp168_20241017-143529/20241018-014514.jpg
20241018-014617,images/exp168_20241017-143529/20241018-014617.jpg
20241018-014719,images/exp168_20241017-143529/20241018-014719.jpg
20241018-014822,images/exp168_20241017-143529/20241018-014822.jpg
20241018-014924,images/exp168_20241017-143529/20241018-014924.jpg
20241018-015028,images/exp168_20241017-143529/20241018-015028.jpg
20241018-015130,images/exp168_20241017-143529/20241018-015130.jpg
20241018-015233,images/exp168_20241017-143529/20241018-015233.jpg
20241018-015335,images/exp168_20241017-143529/20241018-015335.jpg
20241018-015438,images/exp168_20241017-143529/20241018-015438.jpg
20241018-015540,images/exp168_20241017-143529/20241018-015540.jpg
20241018-015642,images/exp168_20241017-143529/20241018-015642.jpg
20241018-015745,images/exp168_20241017-143529/20241018-015745.jpg
20241018-015847,images/exp168_20241017-143529/20241018-015847.jpg
20241018-015950,images/exp168_20241017-143529/20241018-015950.jpg
20241018-020052,images/exp168_20241017-143529/20241018-020052.jpg
20241018-020155,images/exp168_20241017-143529/20241018-020155.jpg
20241018-020257,images/exp168_20241017-143529/20241018-020257.jpg
20241018-020359,images/exp168_20241017-143529/20241018-020359.jpg
20241018-020502,images/exp168_20241017-143529/20241018-020502.jpg
20241018-020604,images/exp168_20241017-143529/20241018-020604.jpg
20241018-020707,images/exp168_20241017-143529/20241018-020707.jpg
20241018-020809,images/exp168_20241017-143529/20241018-020809.jpg
20241018-020911,images/exp168_20241017-143529/20241018-020911.jpg
20241018-021014,images/exp168_20241017-143529/20241018-021014.jpg
20241018-021116,images/exp168_20241017-143529/20241018-021116.jpg
20241018-021219,images/exp168_20241017-143529/20241018-021219.jpg
20241018-021321,images/exp168_20241017-143529/20241018-021321.jpg
20241018-021424,images/exp168_20241017-143529/20241018-021424.jpg
20241018-021526,images/exp168_20241017-143529/20241018-021526.jpg
20241018-021629,images/exp168_20241017-143529/20241018-021629.jpg
20241018-021731,images/exp168_20241017-143529/20241018-021731.jpg
20241018-021834,images/exp168_20241017-143529/20241018-021834.jpg
20241018-021936,images/exp168_20241017-143529/20241018-021936.jpg
20241018-022039,images/exp168_20241017-143529/20241018-022039.jpg
20241018-022141,images/exp168_20241017-143529/20241018-022141.jpg
20241018-022243,images/exp168_20241017-143529/20241018-022243.jpg
20241018-022346,images/exp168_20241017-143529/20241018-022346.jpg
20241018-022448,images/exp168_20241017-143529/20241018-022448.jpg
20241018-022550,images/exp168_20241017-143529/20241018-022550.jpg
20241018-022653,images/exp168_20241017-143529/20241018-022653.jpg
20241018-022755,images/exp168_20241017-143529/20241018-022755.jpg
20241018-022857,images/exp168_20241017-143529/20241018-022857.jpg
20241018-023000,images/exp168_20241017-143529/20241018-023000.jpg
20241018-023103,images/exp168_20241017-143529/20241018-023103.jpg
20241018-023207,images/exp168_20241017-143529/20241018-023207.jpg
20241018-023309,images/exp168_20241017-143529/20241018-023309.jpg
20241018-023412,images/exp168_20241017-143529/20241018-023412.jpg
20241018-023514,images/exp168_20241017-143529/20241018-023514.jpg
20241018-023618,images/exp168_20241017-143529/20241018-023618.jpg
20241018-023720,images/exp168_20241017-143529/20241018-023720.jpg
20241018-023823,images/exp168_20241017-143529/20241018-023823.jpg
20241018-023925,images/exp168_20241017-143529/20241018-023925.jpg
20241018-024028,images/exp168_20241017-143529/20241018-024028.jpg
20241018-024130,images/exp168_20241017-143529/20241018-024130.jpg
20241018-024232,images/exp168_20241017-143529/20241018-024232.jpg
20241018-024335,images/exp168_20241017-143529/20241018-024335.jpg
20241018-024437,images/exp168_20241017-143529/20241018-024437.jpg
20241018-024540,images/exp168_20241017-143529/20241018-024540.jpg
20241018-024642,images/exp168_20241017-143529/20241018-024642.jpg
20241018-024744,images/exp168_20241017-143529/20241018-024744.jpg
20241018-024847,images/exp168_20241017-143529/20241018-024847.jpg
20241018-024949,images/exp168_20241017-143529/20241018-024949.jpg
20241018-025051,images/exp168_20241017-143529/20241018-025051.jpg
20241018-025154,images/exp168_20241017-143529/20241018-025154.jpg
20241018-025256,images/exp168_20241017-143529/20241018-025256.jpg
20241018-025359,images/exp168_20241017-143529/20241018-025359.jpg
20241018-025501,images/exp168_20241017-143529/20241018-025501.jpg
20241018-025604,images/exp168_20241017-143529/20241018-025604.jpg
20241018-025706,images/exp168_20241017-143529/20241018-025706.jpg
20241018-025809,images/exp168_20241017-143529/20241018-025809.jpg
20241018-025911,images/exp168_20241017-143529/20241018-025911.jpg
20241018-030013,images/exp168_20241017-143529/20241018-030013.jpg
20241018-030116,images/exp168_20241017-143529/20241018-030116.jpg
20241018-030218,images/exp168_20241017-143529/20241018-030218.jpg
20241018-030321,images/exp168_20241017-143529/20241018-030321.jpg
20241018-030423,images/exp168_20241017-143529/20241018-030423.jpg
20241018-030525,images/exp168_20241017-143529/20241018-030525.jpg
20241018-030628,images/exp168_20241017-143529/20241018-030628.jpg
20241018-030730,images/exp168_20241017-143529/20241018-030730.jpg
20241018-030833,images/exp168_20241017-143529/20241018-030833.jpg
20241018-030935,images/exp168_20241017-143529/20241018-030935.jpg
20241018-031039,images/exp168_20241017-143529/20241018-031039.jpg
20241018-031141,images/exp168_20241017-143529/20241018-031141.jpg
20241018-031248,images/exp168_20241017-143529/20241018-031248.jpg
20241018-031350,images/exp168_20241017-143529/20241018-031350.jpg
20241018-031453,images/exp168_20241017-143529/20241018-031453.jpg
20241018-031555,images/exp168_20241017-143529/20241018-031555.jpg
20241018-031658,images/exp168_20241017-143529/20241018-031658.jpg
20241018-031800,images/exp168_20241017-143529/20241018-031800.jpg
20241018-031902,images/exp168_20241017-143529/20241018-031902.jpg
20241018-032005,images/exp168_20241017-143529/20241018-032005.jpg
20241018-032107,images/exp168_20241017-143529/20241018-032107.jpg
20241018-032210,images/exp168_20241017-143529/20241018-032210.jpg
20241018-032312,images/exp168_20241017-143529/20241018-032312.jpg
20241018-032415,images/exp168_20241017-143529/20241018-032415.jpg
20241018-032517,images/exp168_20241017-143529/20241018-032517.jpg
20241018-032620,images/exp168_20241017-143529/20241018-032620.jpg
20241018-032722,images/exp168_20241017-143529/20241018-032722.jpg
20241018-032825,images/exp168_20241017-143529/20241018-032825.jpg
20241018-032927,images/exp168_20241017-143529/20241018-032927.jpg
20241018-033030,images/exp168_20241017-143529/20241018-033030.jpg
20241018-033132,images/exp168_20241017-143529/20241018-033132.jpg
20241018-033235,images/exp168_20241017-143529/20241018-033235.jpg
20241018-033337,images/exp168_20241017-143529/20241018-033337.jpg
20241018-033440,images/exp168_20241017-143529/20241018-033440.jpg
20241018-033542,images/exp168_20241017-143529/20241018-033542.jpg
20241018-033645,images/exp168_20241017-143529/20241018-033645.jpg
20241018-033748,images/exp168_20241017-143529/20241018-033748.jpg
20241018-033850,images/exp168_20241017-143529/20241018-033850.jpg
20241018-033953,images/exp168_20241017-143529/20241018-033953.jpg
20241018-034057,images/exp168_20241017-143529/20241018-034057.jpg
20241018-034159,images/exp168_20241017-143529/20241018-034159.jpg
20241018-034302,images/exp168_20241017-143529/20241018-034302.jpg
20241018-034404,images/exp168_20241017-143529/20241018-034404.jpg
20241018-034506,images/exp168_20241017-143529/20241018-034506.jpg
20241018-034609,images/exp168_20241017-143529/20241018-034609.jpg
20241018-034712,images/exp168_20241017-143529/20241018-034712.jpg
20241018-034814,images/exp168_20241017-143529/20241018-034814.jpg
20241018-034917,images/exp168_20241017-143529/20241018-034917.jpg
20241018-035019,images/exp168_20241017-143529/20241018-035019.jpg
20241018-035121,images/exp168_20241017-143529/20241018-035121.jpg
20241018-035224,images/exp168_20241017-143529/20241018-035224.jpg
20241018-035326,images/exp168_20241017-143529/20241018-035326.jpg
20241018-035429,images/exp168_20241017-143529/20241018-035429.jpg
20241018-035531,images/exp168_20241017-143529/20241018-035531.jpg
20241018-035634,images/exp168_20241017-143529/20241018-035634.jpg
20241018-035737,images/exp168_20241017-143529/20241018-035737.jpg
20241018-035841,images/exp168_20241017-143529/20241018-035841.jpg
20241018-035943,images/exp168_20241017-143529/20241018-035943.jpg
20241018-040046,images/exp168_20241017-143529/20241018-040046.jpg
20241018-040148,images/exp168_20241017-143529/20241018-040148.jpg
20241018-040251,images/exp168_20241017-143529/20241018-040251.jpg
20241018-040353,images/exp168_20241017-143529/20241018-040353.jpg
20241018-040455,images/exp168_20241017-143529/20241018-040455.jpg
20241018-040558,images/exp168_20241017-143529/20241018-040558.jpg
20241018-040700,images/exp168_20241017-143529/20241018-040700.jpg
20241018-040803,images/exp168_20241017-143529/20241018-040803.jpg
20241018-040905,images/exp168_20241017-143529/20241018-040905.jpg
20241018-041008,images/exp168_20241017-143529/20241018-041008.jpg
20241018-041110,images/exp168_20241017-143529/20241018-041110.jpg
20241018-041212,images/exp168_20241017-143529/20241018-041212.jpg
20241018-041315,images/exp168_20241017-143529/20241018-041315.jpg
20241018-041417,images/exp168_20241017-143529/20241018-041417.jpg
20241018-041520,images/exp168_20241017-143529/20241018-041520.jpg
20241018-041623,images/exp168_20241017-143529/20241018-041623.jpg
20241018-041726,images/exp168_20241017-143529/20241018-041726.jpg
20241018-041830,images/exp168_20241017-143529/20241018-041830.jpg
20241018-041932,images/exp168_20241017-143529/20241018-041932.jpg
20241018-042035,images/exp168_20241017-143529/20241018-042035.jpg
20241018-042137,images/exp168_20241017-143529/20241018-042137.jpg
20241018-042239,images/exp168_20241017-143529/20241018-042239.jpg
20241018-042342,images/exp168_20241017-143529/20241018-042342.jpg
20241018-042444,images/exp168_20241017-143529/20241018-042444.jpg
20241018-042547,images/exp168_20241017-143529/20241018-042547.jpg
20241018-042649,images/exp168_20241017-143529/20241018-042649.jpg
20241018-042752,images/exp168_20241017-143529/20241018-042752.jpg
20241018-042854,images/exp168_20241017-143529/20241018-042854.jpg
20241018-042956,images/exp168_20241017-143529/20241018-042956.jpg
20241018-043059,images/exp168_20241017-143529/20241018-043059.jpg
20241018-043203,images/exp168_20241017-143529/20241018-043203.jpg
20241018-043306,images/exp168_20241017-143529/20241018-043306.jpg
20241018-043409,images/exp168_20241017-143529/20241018-043409.jpg
20241018-043512,images/exp168_20241017-143529/20241018-043512.jpg
20241018-043614,images/exp168_20241017-143529/20241018-043614.jpg
20241018-043716,images/exp168_20241017-143529/20241018-043716.jpg
20241018-043819,images/exp168_20241017-143529/20241018-043819.jpg
20241018-043921,images/exp168_20241017-143529/20241018-043921.jpg
20241018-044024,images/exp168_20241017-143529/20241018-044024.jpg
20241018-044126,images/exp168_20241017-143529/20241018-044126.jpg
20241018-044229,images/exp168_20241017-143529/20241018-044229.jpg
20241018-044331,images/exp168_20241017-143529/20241018-044331.jpg
20241018-044434,images/exp168_20241017-143529/20241018-044434.jpg
20241018-044538,images/exp168_20241017-143529/20241018-044538.jpg
20241018-044640,images/exp168_20241017-143529/20241018-044640.jpg
20241018-044743,images/exp168_20241017-143529/20241018-044743.jpg
20241018-044845,images/exp168_20241017-143529/20241018-044845.jpg
20241018-044948,images/exp168_20241017-143529/20241018-044948.jpg
20241018-045050,images/exp168_20241017-143529/20241018-045050.jpg
20241018-045152,images/exp168_20241017-143529/20241018-045152.jpg
20241018-045255,images/exp168_20241017-143529/20241018-045255.jpg
20241018-045357,images/exp168_20241017-143529/20241018-045357.jpg
20241018-045500,images/exp168_20241017-143529/20241018-045500.jpg
20241018-045602,images/exp168_20241017-143529/20241018-045602.jpg
20241018-045705,images/exp168_20241017-143529/20241018-045705.jpg
20241018-045807,images/exp168_20241017-143529/20241018-045807.jpg
20241018-045910,images/exp168_20241017-143529/20241018-045910.jpg
20241018-050012,images/exp168_20241017-143529/20241018-050012.jpg
20241018-050115,images/exp168_20241017-143529/20241018-050115.jpg
20241018-050217,images/exp168_20241017-143529/20241018-050217.jpg
20241018-050320,images/exp168_20241017-143529/20241018-050320.jpg
20241018-050422,images/exp168_20241017-143529/20241018-050422.jpg
20241018-050525,images/exp168_20241017-143529/20241018-050525.jpg
20241018-050627,images/exp168_20241017-143529/20241018-050627.jpg
20241018-050729,images/exp168_20241017-143529/20241018-050729.jpg
20241018-050832,images/exp168_20241017-143529/20241018-050832.jpg
20241018-050934,images/exp168_20241017-143529/20241018-050934.jpg
20241018-051037,images/exp168_20241017-143529/20241018-051037.jpg
20241018-051139,images/exp168_20241017-143529/20241018-051139.jpg
20241018-051242,images/exp168_20241017-143529/20241018-051242.jpg
20241018-051344,images/exp168_20241017-143529/20241018-051344.jpg
20241018-051447,images/exp168_20241017-143529/20241018-051447.jpg
20241018-051549,images/exp168_20241017-143529/20241018-051549.jpg
20241018-051653,images/exp168_20241017-143529/20241018-051653.jpg
20241018-051755,images/exp168_20241017-143529/20241018-051755.jpg
20241018-051859,images/exp168_20241017-143529/20241018-051859.jpg
20241018-052002,images/exp168_20241017-143529/20241018-052002.jpg
20241018-052107,images/exp168_20241017-143529/20241018-052107.jpg
20241018-052210,images/exp168_20241017-143529/20241018-052210.jpg
20241018-052312,images/exp168_20241017-143529/20241018-052312.jpg
20241018-052415,images/exp168_20241017-143529/20241018-052415.jpg
20241018-052517,images/exp168_20241017-143529/20241018-052517.jpg
20241018-052619,images/exp168_20241017-143529/20241018-052619.jpg
20241018-052722,images/exp168_20241017-143529/20241018-052722.jpg
20241018-052824,images/exp168_20241017-143529/20241018-052824.jpg
20241018-052928,images/exp168_20241017-143529/20241018-052928.jpg
20241018-053030,images/exp168_20241017-143529/20241018-053030.jpg
20241018-053133,images/exp168_20241017-143529/20241018-053133.jpg
20241018-053235,images/exp168_20241017-143529/20241018-053235.jpg
20241018-053338,images/exp168_20241017-143529/20241018-053338.jpg
20241018-053440,images/exp168_20241017-143529/20241018-053440.jpg
20241018-053543,images/exp168_20241017-143529/20241018-053543.jpg
20241018-053645,images/exp168_20241017-143529/20241018-053645.jpg
20241018-053747,images/exp168_20241017-143529/20241018-053747.jpg
20241018-053850,images/exp168_20241017-143529/20241018-053850.jpg
20241018-053954,images/exp168_20241017-143529/20241018-053954.jpg
20241018-054056,images/exp168_20241017-143529/20241018-054056.jpg
20241018-054158,images/exp168_20241017-143529/20241018-054158.jpg
20241018-054301,images/exp168_20241017-143529/20241018-054301.jpg
20241018-054403,images/exp168_20241017-143529/20241018-054403.jpg
20241018-054506,images/exp168_20241017-143529/20241018-054506.jpg
20241018-054609,images/exp168_20241017-143529/20241018-054609.jpg
20241018-054712,images/exp168_20241017-143529/20241018-054712.jpg
20241018-054814,images/exp168_20241017-143529/20241018-054814.jpg
20241018-054917,images/exp168_20241017-143529/20241018-054917.jpg
20241018-055021,images/exp168_20241017-143529/20241018-055021.jpg
20241018-055123,images/exp168_20241017-143529/20241018-055123.jpg
20241018-055226,images/exp168_20241017-143529/20241018-055226.jpg
20241018-055328,images/exp168_20241017-143529/20241018-055328.jpg
20241018-055431,images/exp168_20241017-143529/20241018-055431.jpg
20241018-055533,images/exp168_20241017-143529/20241018-055533.jpg
20241018-055636,images/exp168_20241017-143529/20241018-055636.jpg
20241018-055738,images/exp168_20241017-143529/20241018-055738.jpg
20241018-055841,images/exp168_20241017-143529/20241018-055841.jpg
20241018-055943,images/exp168_20241017-143529/20241018-055943.jpg
20241018-060045,images/exp168_20241017-143529/20241018-060045.jpg
20241018-060149,images/exp168_20241017-143529/20241018-060149.jpg
20241018-060252,images/exp168_20241017-143529/20241018-060252.jpg
20241018-060354,images/exp168_20241017-143529/20241018-060354.jpg
20241018-060457,images/exp168_20241017-143529/20241018-060457.jpg
20241018-060602,images/exp168_20241017-143529/20241018-060602.jpg
20241018-060705,images/exp168_20241017-143529/20241018-060705.jpg
20241018-060807,images/exp168_20241017-143529/20241018-060807.jpg
20241018-060909,images/exp168_20241017-143529/20241018-060909.jpg
20241018-061012,images/exp168_20241017-143529/20241018-061012.jpg
20241018-061114,images/exp168_20241017-143529/20241018-061114.jpg
20241018-061217,images/exp168_20241017-143529/20241018-061217.jpg
20241018-061321,images/exp168_20241017-143529/20241018-061321.jpg
20241018-061423,images/exp168_20241017-143529/20241018-061423.jpg
20241018-061525,images/exp168_20241017-143529/20241018-061525.jpg
20241018-061629,images/exp168_20241017-143529/20241018-061629.jpg
20241018-061732,images/exp168_20241017-143529/20241018-061732.jpg
20241018-061834,images/exp168_20241017-143529/20241018-061834.jpg
20241018-061938,images/exp168_20241017-143529/20241018-061938.jpg
20241018-062040,images/exp168_20241017-143529/20241018-062040.jpg
20241018-062143,images/exp168_20241017-143529/20241018-062143.jpg
20241018-062245,images/exp168_20241017-143529/20241018-062245.jpg
20241018-062348,images/exp168_20241017-143529/20241018-062348.jpg
20241018-062450,images/exp168_20241017-143529/20241018-062450.jpg
20241018-062553,images/exp168_20241017-143529/20241018-062553.jpg
20241018-062656,images/exp168_20241017-143529/20241018-062656.jpg
20241018-062758,images/exp168_20241017-143529/20241018-062758.jpg
20241018-062901,images/exp168_20241017-143529/20241018-062901.jpg
20241018-063003,images/exp168_20241017-143529/20241018-063003.jpg
20241018-063105,images/exp168_20241017-143529/20241018-063105.jpg
20241018-063208,images/exp168_20241017-143529/20241018-063208.jpg
20241018-063310,images/exp168_20241017-143529/20241018-063310.jpg
20241018-063413,images/exp168_20241017-143529/20241018-063413.jpg
20241018-063515,images/exp168_20241017-143529/20241018-063515.jpg
20241018-063617,images/exp168_20241017-143529/20241018-063617.jpg
20241018-063720,images/exp168_20241017-143529/20241018-063720.jpg
20241018-063822,images/exp168_20241017-143529/20241018-063822.jpg
20241018-063925,images/exp168_20241017-143529/20241018-063925.jpg
20241018-064027,images/exp168_20241017-143529/20241018-064027.jpg
20241018-064130,images/exp168_20241017-143529/20241018-064130.jpg
20241018-064233,images/exp168_20241017-143529/20241018-064233.jpg
20241018-064337,images/exp168_20241017-143529/20241018-064337.jpg
20241018-064439,images/exp168_20241017-143529/20241018-064439.jpg
20241018-064542,images/exp168_20241017-143529/20241018-064542.jpg
20241018-064644,images/exp168_20241017-143529/20241018-064644.jpg
20241018-064746,images/exp168_20241017-143529/20241018-064746.jpg
20241018-064849,images/exp168_20241017-143529/20241018-064849.jpg
20241018-064951,images/exp168_20241017-143529/20241018-064951.jpg
20241018-065053,images/exp168_20241017-143529/20241018-065053.jpg
20241018-065156,images/exp168_20241017-143529/20241018-065156.jpg
20241018-065258,images/exp168_20241017-143529/20241018-065258.jpg
20241018-065401,images/exp168_20241017-143529/20241018-065401.jpg
20241018-065503,images/exp168_20241017-143529/20241018-065503.jpg
20241018-065606,images/exp168_20241017-143529/20241018-065606.jpg
20241018-065708,images/exp168_20241017-143529/20241018-065708.jpg
20241018-065811,images/exp168_20241017-143529/20241018-065811.jpg
20241018-065913,images/exp168_20241017-143529/20241018-065913.jpg
20241018-070015,images/exp168_20241017-143529/20241018-070015.jpg
20241018-070118,images/exp168_20241017-143529/20241018-070118.jpg
20241018-070220,images/exp168_20241017-143529/20241018-070220.jpg
20241018-070323,images/exp168_20241017-143529/20241018-070323.jpg
20241018-070425,images/exp168_20241017-143529/20241018-070425.jpg
20241018-070527,images/exp168_20241017-143529/20241018-070527.jpg
20241018-070630,images/exp168_20241017-143529/20241018-070630.jpg
20241018-070732,images/exp168_20241017-143529/20241018-070732.jpg
20241018-070835,images/exp168_20241017-143529/20241018-070835.jpg
20241018-070937,images/exp168_20241017-143529/20241018-070937.jpg
20241018-071039,images/exp168_20241017-143529/20241018-071039.jpg
20241018-071142,images/exp168_20241017-143529/20241018-071142.jpg
20241018-071245,images/exp168_20241017-143529/20241018-071245.jpg
20241018-071347,images/exp168_20241017-143529/20241018-071347.jpg
20241018-071450,images/exp168_20241017-143529/20241018-071450.jpg
20241018-071552,images/exp168_20241017-143529/20241018-071552.jpg
20241018-071655,images/exp168_20241017-143529/20241018-071655.jpg
20241018-071757,images/exp168_20241017-143529/20241018-071757.jpg
20241018-071859,images/exp168_20241017-143529/20241018-071859.jpg
20241018-072002,images/exp168_20241017-143529/20241018-072002.jpg
20241018-072104,images/exp168_20241017-143529/20241018-072104.jpg
20241018-072207,images/exp168_20241017-143529/20241018-072207.jpg
20241018-072310,images/exp168_20241017-143529/20241018-072310.jpg
20241018-072413,images/exp168_20241017-143529/20241018-072413.jpg
20241018-072515,images/exp168_20241017-143529/20241018-072515.jpg
20241018-072618,images/exp168_20241017-143529/20241018-072618.jpg
20241018-072720,images/exp168_20241017-143529/20241018-072720.jpg
20241018-072823,images/exp168_20241017-143529/20241018-072823.jpg
20241018-072925,images/exp168_20241017-143529/20241018-072925.jpg
20241018-073028,images/exp168_20241017-143529/20241018-073028.jpg
20241018-073132,images/exp168_20241017-143529/20241018-073132.jpg
20241018-073234,images/exp168_20241017-143529/20241018-073234.jpg
20241018-073336,images/exp168_20241017-143529/20241018-073336.jpg
20241018-073439,images/exp168_20241017-143529/20241018-073439.jpg
20241018-073541,images/exp168_20241017-143529/20241018-073541.jpg
20241018-073644,images/exp168_20241017-143529/20241018-073644.jpg
20241018-073746,images/exp168_20241017-143529/20241018-073746.jpg
20241018-073849,images/exp168_20241017-143529/20241018-073849.jpg
20241018-073951,images/exp168_20241017-143529/20241018-073951.jpg
20241018-074055,images/exp168_20241017-143529/20241018-074055.jpg
20241018-074157,images/exp168_20241017-143529/20241018-074157.jpg
20241018-074300,images/exp168_20241017-143529/20241018-074300.jpg
20241018-074402,images/exp168_20241017-143529/20241018-074402.jpg
20241018-074504,images/exp168_20241017-143529/20241018-074504.jpg
20241018-074607,images/exp168_20241017-143529/20241018-074607.jpg
20241018-074709,images/exp168_20241017-143529/20241018-074709.jpg
20241018-074811,images/exp168_20241017-143529/20241018-074811.jpg
20241018-074916,images/exp168_20241017-143529/20241018-074916.jpg
20241018-075018,images/exp168_20241017-143529/20241018-075018.jpg
20241018-075121,images/exp168_20241017-143529/20241018-075121.jpg
20241018-075223,images/exp168_20241017-143529/20241018-075223.jpg
20241018-075325,images/exp168_20241017-143529/20241018-075325.jpg
20241018-075428,images/exp168_20241017-143529/20241018-075428.jpg
20241018-075530,images/exp168_20241017-143529/20241018-075530.jpg
20241018-075633,images/exp168_20241017-143529/20241018-075633.jpg
20241018-075735,images/exp168_20241017-143529/20241018-075735.jpg
20241018-075838,images/exp168_20241017-143529/20241018-075838.jpg
20241018-075940,images/exp168_20241017-143529/20241018-075940.jpg
20241018-080043,images/exp168_20241017-143529/20241018-080043.jpg
20241018-080146,images/exp168_20241017-143529/20241018-080146.jpg
20241018-080248,images/exp168_20241017-143529/20241018-080248.jpg
20241018-080350,images/exp168_20241017-143529/20241018-080350.jpg
20241018-080453,images/exp168_20241017-143529/20241018-080453.jpg
20241018-080555,images/exp168_20241017-143529/20241018-080555.jpg
20241018-080657,images/exp168_20241017-143529/20241018-080657.jpg
20241018-080800,images/exp168_20241017-143529/20241018-080800.jpg
20241018-080902,images/exp168_20241017-143529/20241018-080902.jpg
20241018-081005,images/exp168_20241017-143529/20241018-081005.jpg
20241018-081108,images/exp168_20241017-143529/20241018-081108.jpg
20241018-081210,images/exp168_20241017-143529/20241018-081210.jpg
20241018-081313,images/exp168_20241017-143529/20241018-081313.jpg
20241018-081415,images/exp168_20241017-143529/20241018-081415.jpg
20241018-081517,images/exp168_20241017-143529/20241018-081517.jpg
20241018-081620,images/exp168_20241017-143529/20241018-081620.jpg
20241018-081723,images/exp168_20241017-143529/20241018-081723.jpg
20241018-081825,images/exp168_20241017-143529/20241018-081825.jpg
20241018-081928,images/exp168_20241017-143529/20241018-081928.jpg
20241018-082034,images/exp168_20241017-143529/20241018-082034.jpg
20241018-082140,images/exp168_20241017-143529/20241018-082140.jpg
20241018-082245,images/exp168_20241017-143529/20241018-082245.jpg
20241018-082347,images/exp168_20241017-143529/20241018-082347.jpg
20241018-082450,images/exp168_20241017-143529/20241018-082450.jpg
20241018-082552,images/exp168_20241017-143529/20241018-082552.jpg
20241018-082655,images/exp168_20241017-143529/20241018-082655.jpg
20241018-082759,images/exp168_20241017-143529/20241018-082759.jpg
20241018-082902,images/exp168_20241017-143529/20241018-082902.jpg
20241018-083004,images/exp168_20241017-143529/20241018-083004.jpg
20241018-083107,images/exp168_20241017-143529/20241018-083107.jpg
20241018-083209,images/exp168_20241017-143529/20241018-083209.jpg
20241018-083311,images/exp168_20241017-143529/20241018-083311.jpg
20241018-083414,images/exp168_20241017-143529/20241018-083414.jpg
20241018-083517,images/exp168_20241017-143529/20241018-083517.jpg
20241018-083619,images/exp168_20241017-143529/20241018-083619.jpg
20241018-083721,images/exp168_20241017-143529/20241018-083721.jpg
20241018-083826,images/exp168_20241017-143529/20241018-083826.jpg
20241018-083928,images/exp168_20241017-143529/20241018-083928.jpg
20241018-084030,images/exp168_20241017-143529/20241018-084030.jpg
20241018-084133,images/exp168_20241017-143529/20241018-084133.jpg
20241018-084237,images/exp168_20241017-143529/20241018-084237.jpg
20241018-084339,images/exp168_20241017-143529/20241018-084339.jpg
20241018-084444,images/exp168_20241017-143529/20241018-084444.jpg
20241018-084547,images/exp168_20241017-143529/20241018-084547.jpg
20241018-084651,images/exp168_20241017-143529/20241018-084651.jpg
20241018-084753,images/exp168_20241017-143529/20241018-084753.jpg
20241018-084856,images/exp168_20241017-143529/20241018-084856.jpg
20241018-084959,images/exp168_20241017-143529/20241018-084959.jpg
20241018-085101,images/exp168_20241017-143529/20241018-085101.jpg
20241018-085203,images/exp168_20241017-143529/20241018-085203.jpg
20241018-085306,images/exp168_20241017-143529/20241018-085306.jpg
20241018-085408,images/exp168_20241017-143529/20241018-085408.jpg
20241018-085511,images/exp168_20241017-143529/20241018-085511.jpg
20241018-085613,images/exp168_20241017-143529/20241018-085613.jpg
20241018-085715,images/exp168_20241017-143529/20241018-085715.jpg
20241018-085818,images/exp168_20241017-143529/20241018-085818.jpg
20241018-085920,images/exp168_20241017-143529/20241018-085920.jpg
20241018-090023,images/exp168_20241017-143529/20241018-090023.jpg
20241018-090125,images/exp168_20241017-143529/20241018-090125.jpg
20241018-090229,images/exp168_20241017-143529/20241018-090229.jpg
20241018-090332,images/exp168_20241017-143529/20241018-090332.jpg
20241018-090434,images/exp168_20241017-143529/20241018-090434.jpg
20241018-090537,images/exp168_20241017-143529/20241018-090537.jpg
20241018-090639,images/exp168_20241017-143529/20241018-090639.jpg
20241018-090743,images/exp168_20241017-143529/20241018-090743.jpg
20241018-090845,images/exp168_20241017-143529/20241018-090845.jpg
20241018-090948,images/exp168_20241017-143529/20241018-090948.jpg
20241018-091050,images/exp168_20241017-143529/20241018-091050.jpg
20241018-091153,images/exp168_20241017-143529/20241018-091153.jpg
20241018-091256,images/exp168_20241017-143529/20241018-091256.jpg
20241018-091358,images/exp168_20241017-143529/20241018-091358.jpg
20241018-091501,images/exp168_20241017-143529/20241018-091501.jpg
20241018-091603,images/exp168_20241017-143529/20241018-091603.jpg
20241018-091705,images/exp168_20241017-143529/20241018-091705.jpg
20241018-091808,images/exp168_20241017-143529/20241018-091808.jpg
20241018-091911,images/exp168_20241017-143529/20241018-091911.jpg
20241018-092013,images/exp168_20241017-143529/20241018-092013.jpg
20241018-092116,images/exp168_20241017-143529/20241018-092116.jpg
20241018-092218,images/exp168_20241017-143529/20241018-092218.jpg
20241018-092322,images/exp168_20241017-143529/20241018-092322.jpg
20241018-092424,images/exp168_20241017-143529/20241018-092424.jpg
20241018-092527,images/exp168_20241017-143529/20241018-092527.jpg
20241018-092629,images/exp168_20241017-143529/20241018-092629.jpg
20241018-092731,images/exp168_20241017-143529/20241018-092731.jpg
20241018-092834,images/exp168_20241017-143529/20241018-092834.jpg
20241018-092936,images/exp168_20241017-143529/20241018-092936.jpg
20241018-093039,images/exp168_20241017-143529/20241018-093039.jpg
20241018-093141,images/exp168_20241017-143529/20241018-093141.jpg
20241018-093244,images/exp168_20241017-143529/20241018-093244.jpg
20241018-093346,images/exp168_20241017-143529/20241018-093346.jpg
20241018-093449,images/exp168_20241017-143529/20241018-093449.jpg
20241018-093552,images/exp168_20241017-143529/20241018-093552.jpg
20241018-093654,images/exp168_20241017-143529/20241018-093654.jpg
20241018-093756,images/exp168_20241017-143529/20241018-093756.jpg
20241018-093859,images/exp168_20241017-143529/20241018-093859.jpg
20241018-094001,images/exp168_20241017-143529/20241018-094001.jpg
20241018-094104,images/exp168_20241017-143529/20241018-094104.jpg
20241018-094206,images/exp168_20241017-143529/20241018-094206.jpg
20241018-094309,images/exp168_20241017-143529/20241018-094309.jpg
20241018-094411,images/exp168_20241017-143529/20241018-094411.jpg
20241018-094514,images/exp168_20241017-143529/20241018-094514.jpg
20241018-094616,images/exp168_20241017-143529/20241018-094616.jpg
20241018-094719,images/exp168_20241017-143529/20241018-094719.jpg
20241018-094821,images/exp168_20241017-143529/20241018-094821.jpg
20241018-094924,images/exp168_20241017-143529/20241018-094924.jpg
20241018-095027,images/exp168_20241017-143529/20241018-095027.jpg
20241018-095129,images/exp168_20241017-143529/20241018-095129.jpg
20241018-095231,images/exp168_20241017-143529/20241018-095231.jpg
20241018-095334,images/exp168_20241017-143529/20241018-095334.jpg
20241018-095436,images/exp168_20241017-143529/20241018-095436.jpg
20241018-095539,images/exp168_20241017-143529/20241018-095539.jpg
20241018-095641,images/exp168_20241017-143529/20241018-095641.jpg
20241018-095744,images/exp168_20241017-143529/20241018-095744.jpg
20241018-095846,images/exp168_20241017-143529/20241018-095846.jpg
20241018-095950,images/exp168_20241017-143529/20241018-095950.jpg
20241018-100052,images/exp168_20241017-143529/20241018-100052.jpg
20241018-100155,images/exp168_20241017-143529/20241018-100155.jpg
20241018-100257,images/exp168_20241017-143529/20241018-100257.jpg
20241018-100359,images/exp168_20241017-143529/20241018-100359.jpg
20241018-100503,images/exp168_20241017-143529/20241018-100503.jpg
20241018-100605,images/exp168_20241017-143529/20241018-100605.jpg
20241018-100707,images/exp168_20241017-143529/20241018-100707.jpg
20241018-100810,images/exp168_20241017-143529/20241018-100810.jpg
20241018-100912,images/exp168_20241017-143529/20241018-100912.jpg
20241018-101015,images/exp168_20241017-143529/20241018-101015.jpg
20241018-101117,images/exp168_20241017-143529/20241018-101117.jpg
20241018-101220,images/exp168_20241017-143529/20241018-101220.jpg
20241018-101322,images/exp168_20241017-143529/20241018-101322.jpg
20241018-101425,images/exp168_20241017-143529/20241018-101425.jpg
20241018-101527,images/exp168_20241017-143529/20241018-101527.jpg
20241018-101630,images/exp168_20241017-143529/20241018-101630.jpg
20241018-101732,images/exp168_20241017-143529/20241018-101732.jpg
20241018-101835,images/exp168_20241017-143529/20241018-101835.jpg
20241018-101937,images/exp168_20241017-143529/20241018-101937.jpg
20241018-102040,images/exp168_20241017-143529/20241018-102040.jpg
20241018-102142,images/exp168_20241017-143529/20241018-102142.jpg
20241018-102245,images/exp168_20241017-143529/20241018-102245.jpg
20241018-102349,images/exp168_20241017-143529/20241018-102349.jpg
20241018-102451,images/exp168_20241017-143529/20241018-102451.jpg
20241018-102556,images/exp168_20241017-143529/20241018-102556.jpg
20241018-102659,images/exp168_20241017-143529/20241018-102659.jpg
20241018-102801,images/exp168_20241017-143529/20241018-102801.jpg
20241018-102904,images/exp168_20241017-143529/20241018-102904.jpg
20241018-103006,images/exp168_20241017-143529/20241018-103006.jpg
20241018-103109,images/exp168_20241017-143529/20241018-103109.jpg
20241018-103211,images/exp168_20241017-143529/20241018-103211.jpg
20241018-103314,images/exp168_20241017-143529/20241018-103314.jpg
20241018-103416,images/exp168_20241017-143529/20241018-103416.jpg
20241018-103519,images/exp168_20241017-143529/20241018-103519.jpg
20241018-103622,images/exp168_20241017-143529/20241018-103622.jpg
20241018-103724,images/exp168_20241017-143529/20241018-103724.jpg
20241018-103826,images/exp168_20241017-143529/20241018-103826.jpg
20241018-103929,images/exp168_20241017-143529/20241018-103929.jpg
20241018-104032,images/exp168_20241017-143529/20241018-104032.jpg
20241018-104134,images/exp168_20241017-143529/20241018-104134.jpg
20241018-104237,images/exp168_20241017-143529/20241018-104237.jpg
20241018-104339,images/exp168_20241017-143529/20241018-104339.jpg
20241018-104441,images/exp168_20241017-143529/20241018-104441.jpg
20241018-104544,images/exp168_20241017-143529/20241018-104544.jpg
20241018-104647,images/exp168_20241017-143529/20241018-104647.jpg
20241018-104749,images/exp168_20241017-143529/20241018-104749.jpg
20241018-104852,images/exp168_20241017-143529/20241018-104852.jpg
20241018-104954,images/exp168_20241017-143529/20241018-104954.jpg
20241018-105057,images/exp168_20241017-143529/20241018-105057.jpg
20241018-105159,images/exp168_20241017-143529/20241018-105159.jpg
20241018-105303,images/exp168_20241017-143529/20241018-105303.jpg
20241018-105406,images/exp168_20241017-143529/20241018-105406.jpg
20241018-105508,images/exp168_20241017-143529/20241018-105508.jpg
20241018-105611,images/exp168_20241017-143529/20241018-105611.jpg
20241018-105714,images/exp168_20241017-143529/20241018-105714.jpg
20241018-105817,images/exp168_20241017-143529/20241018-105817.jpg
20241018-105919,images/exp168_20241017-143529/20241018-105919.jpg
20241018-110022,images/exp168_20241017-143529/20241018-110022.jpg
20241018-110124,images/exp168_20241017-143529/20241018-110124.jpg
20241018-110227,images/exp168_20241017-143529/20241018-110227.jpg
20241018-110329,images/exp168_20241017-143529/20241018-110329.jpg
20241018-110432,images/exp168_20241017-143529/20241018-110432.jpg
20241018-110534,images/exp168_20241017-143529/20241018-110534.jpg
20241018-110637,images/exp168_20241017-143529/20241018-110637.jpg
20241018-110739,images/exp168_20241017-143529/20241018-110739.jpg
20241018-110842,images/exp168_20241017-143529/20241018-110842.jpg
20241018-110944,images/exp168_20241017-143529/20241018-110944.jpg
20241018-111048,images/exp168_20241017-143529/20241018-111048.jpg
20241018-111150,images/exp168_20241017-143529/20241018-111150.jpg
20241018-111253,images/exp168_20241017-143529/20241018-111253.jpg
20241018-111356,images/exp168_20241017-143529/20241018-111356.jpg
20241018-111458,images/exp168_20241017-143529/20241018-111458.jpg
20241018-111601,images/exp168_20241017-143529/20241018-111601.jpg
20241018-111703,images/exp168_20241017-143529/20241018-111703.jpg
20241018-111806,images/exp168_20241017-143529/20241018-111806.jpg
20241018-111908,images/exp168_20241017-143529/20241018-111908.jpg
20241018-112011,images/exp168_20241017-143529/20241018-112011.jpg
20241018-112113,images/exp168_20241017-143529/20241018-112113.jpg
20241018-112216,images/exp168_20241017-143529/20241018-112216.jpg
20241018-112318,images/exp168_20241017-143529/20241018-112318.jpg
20241018-112421,images/exp168_20241017-143529/20241018-112421.jpg
20241018-112523,images/exp168_20241017-143529/20241018-112523.jpg
20241018-112626,images/exp168_20241017-143529/20241018-112626.jpg
20241018-112728,images/exp168_20241017-143529/20241018-112728.jpg
20241018-112831,images/exp168_20241017-143529/20241018-112831.jpg
20241018-112933,images/exp168_20241017-143529/20241018-112933.jpg
20241018-113036,images/exp168_20241017-143529/20241018-113036.jpg
20241018-113138,images/exp168_20241017-143529/20241018-113138.jpg
20241018-113241,images/exp168_20241017-143529/20241018-113241.jpg
20241018-113343,images/exp168_20241017-143529/20241018-113343.jpg
20241018-113446,images/exp168_20241017-143529/20241018-113446.jpg
20241018-113548,images/exp168_20241017-143529/20241018-113548.jpg
20241018-113651,images/exp168_20241017-143529/20241018-113651.jpg
20241018-113753,images/exp168_20241017-143529/20241018-113753.jpg
20241018-113856,images/exp168_20241017-143529/20241018-113856.jpg
20241018-113958,images/exp168_20241017-143529/20241018-113958.jpg
20241018-114101,images/exp168_20241017-143529/20241018-114101.jpg
20241018-114204,images/exp168_20241017-143529/20241018-114204.jpg
20241018-114306,images/exp168_20241017-143529/20241018-114306.jpg
20241018-114409,images/exp168_20241017-143529/20241018-114409.jpg
20241018-114511,images/exp168_20241017-143529/20241018-114511.jpg
20241018-114614,images/exp168_20241017-143529/20241018-114614.jpg
20241018-114716,images/exp168_20241017-143529/20241018-114716.jpg
20241018-114819,images/exp168_20241017-143529/20241018-114819.jpg
20241018-114921,images/exp168_20241017-143529/20241018-114921.jpg
20241018-115024,images/exp168_20241017-143529/20241018-115024.jpg
20241018-115126,images/exp168_20241017-143529/20241018-115126.jpg
20241018-115228,images/exp168_20241017-143529/20241018-115228.jpg
20241018-115331,images/exp168_20241017-143529/20241018-115331.jpg
20241018-115434,images/exp168_20241017-143529/20241018-115434.jpg
20241018-115536,images/exp168_20241017-143529/20241018-115536.jpg
20241018-115640,images/exp168_20241017-143529/20241018-115640.jpg
20241018-115743,images/exp168_20241017-143529/20241018-115743.jpg
20241018-115845,images/exp168_20241017-143529/20241018-115845.jpg
20241018-115948,images/exp168_20241017-143529/20241018-115948.jpg
20241018-120050,images/exp168_20241017-143529/20241018-120050.jpg
20241018-120153,images/exp168_20241017-143529/20241018-120153.jpg
20241018-120255,images/exp168_20241017-143529/20241018-120255.jpg
20241018-120358,images/exp168_20241017-143529/20241018-120358.jpg
20241018-120500,images/exp168_20241017-143529/20241018-120500.jpg
20241018-120603,images/exp168_20241017-143529/20241018-120603.jpg
20241018-120706,images/exp168_20241017-143529/20241018-120706.jpg
20241018-120808,images/exp168_20241017-143529/20241018-120808.jpg
20241018-120911,images/exp168_20241017-143529/20241018-120911.jpg
20241018-121013,images/exp168_20241017-143529/20241018-121013.jpg
20241018-121115,images/exp168_20241017-143529/20241018-121115.jpg
20241018-121220,images/exp168_20241017-143529/20241018-121220.jpg
20241018-121322,images/exp168_20241017-143529/20241018-121322.jpg
20241018-121424,images/exp168_20241017-143529/20241018-121424.jpg
20241018-121527,images/exp168_20241017-143529/20241018-121527.jpg
20241018-121629,images/exp168_20241017-143529/20241018-121629.jpg
20241018-121732,images/exp168_20241017-143529/20241018-121732.jpg
20241018-121834,images/exp168_20241017-143529/20241018-121834.jpg
20241018-121937,images/exp168_20241017-143529/20241018-121937.jpg
20241018-122039,images/exp168_20241017-143529/20241018-122039.jpg
20241018-122142,images/exp168_20241017-143529/20241018-122142.jpg
20241018-122244,images/exp168_20241017-143529/20241018-122244.jpg
20241018-122347,images/exp168_20241017-143529/20241018-122347.jpg
20241018-122449,images/exp168_20241017-143529/20241018-122449.jpg
20241018-122552,images/exp168_20241017-143529/20241018-122552.jpg
20241018-122654,images/exp168_20241017-143529/20241018-122654.jpg
20241018-122757,images/exp168_20241017-143529/20241018-122757.jpg
20241018-122859,images/exp168_20241017-143529/20241018-122859.jpg
20241018-123002,images/exp168_20241017-143529/20241018-123002.jpg
20241018-123104,images/exp168_20241017-143529/20241018-123104.jpg
20241018-123208,images/exp168_20241017-143529/20241018-123208.jpg
20241018-123311,images/exp168_20241017-143529/20241018-123311.jpg
20241018-123414,images/exp168_20241017-143529/20241018-123414.jpg
20241018-123516,images/exp168_20241017-143529/20241018-123516.jpg
20241018-123618,images/exp168_20241017-143529/20241018-123618.jpg
20241018-123721,images/exp168_20241017-143529/20241018-123721.jpg
20241018-123823,images/exp168_20241017-143529/20241018-123823.jpg
20241018-123926,images/exp168_20241017-143529/20241018-123926.jpg
20241018-124028,images/exp168_20241017-143529/20241018-124028.jpg
20241018-124131,images/exp168_20241017-143529/20241018-124131.jpg
20241018-124233,images/exp168_20241017-143529/20241018-124233.jpg
20241018-124337,images/exp168_20241017-143529/20241018-124337.jpg
20241018-124439,images/exp168_20241017-143529/20241018-124439.jpg
20241018-124542,images/exp168_20241017-143529/20241018-124542.jpg
20241018-124644,images/exp168_20241017-143529/20241018-124644.jpg
20241018-124747,images/exp168_20241017-143529/20241018-124747.jpg
20241018-124849,images/exp168_20241017-143529/20241018-124849.jpg
20241018-124951,images/exp168_20241017-143529/20241018-124951.jpg
20241018-125054,images/exp168_20241017-143529/20241018-125054.jpg
20241018-125156,images/exp168_20241017-143529/20241018-125156.jpg
20241018-125259,images/exp168_20241017-143529/20241018-125259.jpg
20241018-125401,images/exp168_20241017-143529/20241018-125401.jpg
